{
  "project_info": {
    "project_number": "819621333271",
    "firebase_url": "https://deepkhushi.firebaseio.com",
    "project_id": "deepkhushi",
    "storage_bucket": "deepkhushi.appspot.com"
  },
  "client": [
    {
      "client_info": {
        "mobilesdk_app_id": "1:819621333271:android:ed7e4636aac133d7454f52",
        "android_client_info": {
          "package_name": "com.shoppingapp.deepkhushi"
        }
      },
      "oauth_client": [
        {
          "client_id": "819621333271-sgcoiu1fm8udgg3iealf0o4rsravjl5u.apps.googleusercontent.com",
          "client_type": 1,
          "android_info": {
            "package_name": "com.shoppingapp.deepkhushi",
            "certificate_hash": "b79305f3a893ce081050cfcaabe9c24d3985dd7d"
          }
        },
        {
          "client_id": "819621333271-5eknbq6bkflcg9ib9r36g12ncs9e7cjg.apps.googleusercontent.com",
          "client_type": 3
        }
      ],
      "api_key": [
        {
          "current_key": "AIzaSyCa-Owqbx4V4hgEqWHPwxSz8aWcuA7PjwU"
        }
      ],
      "services": {
        "appinvite_service": {
          "other_platform_oauth_client": [
            {
              "client_id": "819621333271-5eknbq6bkflcg9ib9r36g12ncs9e7cjg.apps.googleusercontent.com",
              "client_type": 3
            }
          ]
        }
      }
    }
  ],
  "configuration_version": "1"
}